Target,Model,Type,Val_RMSE,Test_RMSE,Test_R2,Stability_RMSE,Residual_Std
QUOTE,XGBoost Tuned (Multi-Output) (with Quote),Joint,0.08069959565183606,0.08017811977332212,0.9452830585654532,0.08017811977332212,0.07913315916580684
SCR,XGBoost Tuned (Multi-Output) (with Quote) (Enhanced SCR Component),Joint,0.07639695101847759,,,0.0839781197432214,0.08386144745869367
EM,XGBoost Tuned (Multi-Output) (with Quote) (Enhanced EM Component),Joint,0.05547524670683139,,,0.05619848052329435,0.05609518144036321
MULTI_OUTPUT,XGBoost Tuned (Multi-Output) (with Quote),Joint,0.06676075614499685,0.08017811977332212,0.9452830585654532,,
