{
  "quote": {
    "overall_rmse": 0.08017811977332212,
    "overall_mae": 0.05379086433950279,
    "overall_r2": 0.9452830585654532,
    "range_analysis": {
      "Q1 (Lowest 25%)": {
        "count": "512",
        "percentage": 25.024437927663733,
        "rmse": 0.07447827661990249,
        "mae": 0.052703482470525954,
        "r2": 0.8149316596554802
      },
      "Q2 (25-50%)": {
        "count": "511",
        "percentage": 24.975562072336267,
        "rmse": 0.0692837743210631,
        "mae": 0.048497131145019926,
        "r2": 0.5011577276810036
      },
      "Q3 (50-75%)": {
        "count": "511",
        "percentage": 24.975562072336267,
        "rmse": 0.06911249462118345,
        "mae": 0.046181531868425676,
        "r2": -1.0235088331846156
      },
      "Q4 (Highest 25%)": {
        "count": "512",
        "percentage": 25.024437927663733,
        "rmse": 0.10287820358392517,
        "mae": 0.06775611057391155,
        "r2": -0.799227559297542
      }
    },
    "residual_std": 0.07913315916580684,
    "is_joint_model": 1.0
  },
  "scr": {
    "overall_rmse": 0.0839781197432214,
    "overall_mae": 0.0458676996316691,
    "overall_r2": 0.9341208793750682,
    "range_analysis": {
      "Q1 (Low)": {
        "count": "512",
        "percentage": 25.024437927663733,
        "rmse": 0.038053399195189665,
        "mae": 0.02160623868212736,
        "r2": -0.07967015198971938
      },
      "Q2 (Med-Low)": {
        "count": "511",
        "percentage": 24.975562072336267,
        "rmse": 0.04000333927313197,
        "mae": 0.023965916441542463,
        "r2": -1.3160634979949979
      },
      "Q3 (Med-High)": {
        "count": "511",
        "percentage": 24.975562072336267,
        "rmse": 0.060154256596039915,
        "mae": 0.04467592796740262,
        "r2": 0.5398378373568135
      },
      "Q4 (High)": {
        "count": "512",
        "percentage": 25.024437927663733,
        "rmse": 0.14671428111022958,
        "mae": 0.09317761083627896,
        "r2": 0.6751717461102038
      }
    },
    "residual_std": 0.08386144745869367,
    "is_joint_model": 1.0
  },
  "em": {
    "overall_rmse": 0.05619848052329435,
    "overall_mae": 0.02761540370165208,
    "overall_r2": 0.9251376689403507,
    "range_analysis": {
      "Q1 (Low)": {
        "count": "512",
        "percentage": 25.024437927663733,
        "rmse": 0.09954426696460753,
        "mae": 0.0551520700459575,
        "r2": 0.7811267314735724
      },
      "Q2 (Med-Low)": {
        "count": "511",
        "percentage": 24.975562072336267,
        "rmse": 0.023593497009402914,
        "mae": 0.01616929361854621,
        "r2": 0.28534715924120957
      },
      "Q3 (Med-High)": {
        "count": "511",
        "percentage": 24.975562072336267,
        "rmse": 0.023724022074520124,
        "mae": 0.015572948813783169,
        "r2": 0.303268895316231
      },
      "Q4 (High)": {
        "count": "512",
        "percentage": 25.024437927663733,
        "rmse": 0.03992972504618098,
        "mae": 0.023521426224862516,
        "r2": 0.5714495710536687
      }
    },
    "residual_std": 0.05609518144036321,
    "is_joint_model": 1.0
  },
  "multi_output_scr": {
    "overall_rmse": 0.0839781197432214,
    "overall_mae": 0.0458676996316691,
    "overall_r2": 0.9341208793750682,
    "range_analysis": {
      "Q1 (Low)": {
        "count": "512",
        "percentage": 25.024437927663733,
        "rmse": 0.038053399195189665,
        "mae": 0.02160623868212736,
        "r2": -0.07967015198971938
      },
      "Q2 (Med-Low)": {
        "count": "511",
        "percentage": 24.975562072336267,
        "rmse": 0.04000333927313197,
        "mae": 0.023965916441542463,
        "r2": -1.3160634979949979
      },
      "Q3 (Med-High)": {
        "count": "511",
        "percentage": 24.975562072336267,
        "rmse": 0.060154256596039915,
        "mae": 0.04467592796740262,
        "r2": 0.5398378373568135
      },
      "Q4 (High)": {
        "count": "512",
        "percentage": 25.024437927663733,
        "rmse": 0.14671428111022958,
        "mae": 0.09317761083627896,
        "r2": 0.6751717461102038
      }
    },
    "residual_std": 0.08386144745869367,
    "is_joint_model": 1.0
  },
  "multi_output_em": {
    "overall_rmse": 0.05619848052329435,
    "overall_mae": 0.02761540370165208,
    "overall_r2": 0.9251376689403507,
    "range_analysis": {
      "Q1 (Low)": {
        "count": "512",
        "percentage": 25.024437927663733,
        "rmse": 0.09954426696460753,
        "mae": 0.0551520700459575,
        "r2": 0.7811267314735724
      },
      "Q2 (Med-Low)": {
        "count": "511",
        "percentage": 24.975562072336267,
        "rmse": 0.023593497009402914,
        "mae": 0.01616929361854621,
        "r2": 0.28534715924120957
      },
      "Q3 (Med-High)": {
        "count": "511",
        "percentage": 24.975562072336267,
        "rmse": 0.023724022074520124,
        "mae": 0.015572948813783169,
        "r2": 0.303268895316231
      },
      "Q4 (High)": {
        "count": "512",
        "percentage": 25.024437927663733,
        "rmse": 0.03992972504618098,
        "mae": 0.023521426224862516,
        "r2": 0.5714495710536687
      }
    },
    "residual_std": 0.05609518144036321,
    "is_joint_model": 1.0
  }
}