{
  "quote": {
    "overall_rmse": 0.08017812277084713,
    "overall_mae": 0.0537908636033535,
    "overall_r2": 0.945283055305481,
    "range_analysis": {
      "Q1 (Lowest 25%)": {
        "count": "512",
        "percentage": 25.024437927663733,
        "rmse": 0.07447827289729715,
        "mae": 0.05270347744226456,
        "r2": 0.8149316906929016
      },
      "Q2 (25-50%)": {
        "count": "511",
        "percentage": 24.975562072336267,
        "rmse": 0.06928377472781481,
        "mae": 0.04849713295698166,
        "r2": 0.5011577606201172
      },
      "Q3 (50-75%)": {
        "count": "511",
        "percentage": 24.975562072336267,
        "rmse": 0.06911249154127569,
        "mae": 0.04618152976036072,
        "r2": -1.0235087871551514
      },
      "Q4 (Highest 25%)": {
        "count": "512",
        "percentage": 25.024437927663733,
        "rmse": 0.10287820045862628,
        "mae": 0.06775610893964767,
        "r2": -0.7992273569107056
      }
    },
    "residual_std": 0.07913316041231155,
    "is_joint_model": 1.0
  },
  "scr": {
    "overall_rmse": 0.0823275426069193,
    "overall_mae": 0.04276538339992353,
    "overall_r2": 0.9366851175500798,
    "range_analysis": {
      "Q1 (Low)": {
        "count": "512",
        "percentage": 25.024437927663733,
        "rmse": 0.04435620163481769,
        "mae": 0.02894682645321814,
        "r2": -0.46694178438928
      },
      "Q2 (Med-Low)": {
        "count": "511",
        "percentage": 24.975562072336267,
        "rmse": 0.03781319225755175,
        "mae": 0.023359868491585348,
        "r2": -1.0694010095554969
      },
      "Q3 (Med-High)": {
        "count": "511",
        "percentage": 24.975562072336267,
        "rmse": 0.062459004007730023,
        "mae": 0.04282867661725808,
        "r2": 0.5039010744058658
      },
      "Q4 (High)": {
        "count": "512",
        "percentage": 25.024437927663733,
        "rmse": 0.14070108719307453,
        "mae": 0.07588838426089228,
        "r2": 0.7012527445763037
      }
    },
    "residual_std": 0.08218045831124543,
    "is_joint_model": 1.0
  },
  "em": {
    "overall_rmse": 0.05410345117157597,
    "overall_mae": 0.026366481725742515,
    "overall_r2": 0.9306152325460493,
    "range_analysis": {
      "Q1 (Low)": {
        "count": "512",
        "percentage": 25.024437927663733,
        "rmse": 0.09752765010064483,
        "mae": 0.05178412235618348,
        "r2": 0.789904989732358
      },
      "Q2 (Med-Low)": {
        "count": "511",
        "percentage": 24.975562072336267,
        "rmse": 0.03224915800119373,
        "mae": 0.022475972301201422,
        "r2": -0.3352028528357389
      },
      "Q3 (Med-High)": {
        "count": "511",
        "percentage": 24.975562072336267,
        "rmse": 0.025982348393384525,
        "mae": 0.017081293278059823,
        "r2": 0.16430969415083596
      },
      "Q4 (High)": {
        "count": "512",
        "percentage": 25.024437927663733,
        "rmse": 0.021769612693477578,
        "mae": 0.01409880518261866,
        "r2": 0.87261722671397
      }
    },
    "residual_std": 0.05196377266917364,
    "is_joint_model": 1.0
  },
  "multi_output_scr": {
    "overall_rmse": 0.0823275426069193,
    "overall_mae": 0.04276538339992353,
    "overall_r2": 0.9366851175500798,
    "range_analysis": {
      "Q1 (Low)": {
        "count": "512",
        "percentage": 25.024437927663733,
        "rmse": 0.04435620163481769,
        "mae": 0.02894682645321814,
        "r2": -0.46694178438928
      },
      "Q2 (Med-Low)": {
        "count": "511",
        "percentage": 24.975562072336267,
        "rmse": 0.03781319225755175,
        "mae": 0.023359868491585348,
        "r2": -1.0694010095554969
      },
      "Q3 (Med-High)": {
        "count": "511",
        "percentage": 24.975562072336267,
        "rmse": 0.062459004007730023,
        "mae": 0.04282867661725808,
        "r2": 0.5039010744058658
      },
      "Q4 (High)": {
        "count": "512",
        "percentage": 25.024437927663733,
        "rmse": 0.14070108719307453,
        "mae": 0.07588838426089228,
        "r2": 0.7012527445763037
      }
    },
    "residual_std": 0.08218045831124543,
    "is_joint_model": 1.0
  },
  "multi_output_em": {
    "overall_rmse": 0.05410345117157597,
    "overall_mae": 0.026366481725742515,
    "overall_r2": 0.9306152325460493,
    "range_analysis": {
      "Q1 (Low)": {
        "count": "512",
        "percentage": 25.024437927663733,
        "rmse": 0.09752765010064483,
        "mae": 0.05178412235618348,
        "r2": 0.789904989732358
      },
      "Q2 (Med-Low)": {
        "count": "511",
        "percentage": 24.975562072336267,
        "rmse": 0.03224915800119373,
        "mae": 0.022475972301201422,
        "r2": -0.3352028528357389
      },
      "Q3 (Med-High)": {
        "count": "511",
        "percentage": 24.975562072336267,
        "rmse": 0.025982348393384525,
        "mae": 0.017081293278059823,
        "r2": 0.16430969415083596
      },
      "Q4 (High)": {
        "count": "512",
        "percentage": 25.024437927663733,
        "rmse": 0.021769612693477578,
        "mae": 0.01409880518261866,
        "r2": 0.87261722671397
      }
    },
    "residual_std": 0.05196377266917364,
    "is_joint_model": 1.0
  }
}