{
  "quote": {
    "overall_rmse": 0.06498861389662004,
    "overall_mae": 0.04193590581417084,
    "overall_r2": 0.9640511870384216,
    "range_analysis": {
      "Q1 (Lowest 25%)": {
        "count": "512",
        "percentage": 25.024437927663733,
        "rmse": 0.06820550017028164,
        "mae": 0.039827413856983185,
        "r2": 0.8447928428649902
      },
      "Q2 (25-50%)": {
        "count": "511",
        "percentage": 24.975562072336267,
        "rmse": 0.06150164861705757,
        "mae": 0.0429319404065609,
        "r2": 0.6069265604019165
      },
      "Q3 (50-75%)": {
        "count": "511",
        "percentage": 24.975562072336267,
        "rmse": 0.04739327808101406,
        "mae": 0.03287377208471298,
        "r2": 0.048463404178619385
      },
      "Q4 (Highest 25%)": {
        "count": "512",
        "percentage": 25.024437927663733,
        "rmse": 0.07879589030421913,
        "mae": 0.05209474265575409,
        "r2": -0.05547142028808594
      }
    },
    "residual_std": 0.06473861634731293,
    "is_joint_model": 1.0
  },
  "scr": {
    "overall_rmse": 0.8848250967392325,
    "overall_mae": 0.7220050304364153,
    "overall_r2": -6.313585866662431,
    "range_analysis": {
      "Q1 (Low)": {
        "count": "512",
        "percentage": 25.024437927663733,
        "rmse": 1.0034964225864689,
        "mae": 0.8035103817626862,
        "r2": -749.820009826394
      },
      "Q2 (Med-Low)": {
        "count": "511",
        "percentage": 24.975562072336267,
        "rmse": 0.9698545955994452,
        "mae": 0.7723991006533347,
        "r2": -1360.3544866213238
      },
      "Q3 (Med-High)": {
        "count": "511",
        "percentage": 24.975562072336267,
        "rmse": 0.8463639144634308,
        "mae": 0.7001792816412082,
        "r2": -90.09456250983573
      },
      "Q4 (High)": {
        "count": "512",
        "percentage": 25.024437927663733,
        "rmse": 0.684021119148965,
        "mae": 0.6119871551912087,
        "r2": -6.060704551133719
      }
    },
    "residual_std": 0.6962303179876581,
    "is_joint_model": 0.0
  },
  "em": {
    "overall_rmse": 0.8463751182281471,
    "overall_mae": 0.6555131821119896,
    "overall_r2": -15.980089465651908,
    "range_analysis": {
      "Q1 (Low)": {
        "count": "512",
        "percentage": 25.024437927663733,
        "rmse": 0.7343755733826026,
        "mae": 0.6134444525254683,
        "r2": -10.912328572635534
      },
      "Q2 (Med-Low)": {
        "count": "511",
        "percentage": 24.975562072336267,
        "rmse": 0.7985492157698442,
        "mae": 0.5967886576485237,
        "r2": -817.6794073856751
      },
      "Q3 (Med-High)": {
        "count": "511",
        "percentage": 24.975562072336267,
        "rmse": 0.8532313983355223,
        "mae": 0.6391848383105175,
        "r2": -900.2021480375106
      },
      "Q4 (High)": {
        "count": "512",
        "percentage": 25.024437927663733,
        "rmse": 0.9799389361216584,
        "mae": 0.7724881923301183,
        "r2": -257.1114809402735
      }
    },
    "residual_std": 0.6421771849062364,
    "is_joint_model": 0.0
  },
  "multi_output_scr": {
    "overall_rmse": 0.07825880917771101,
    "overall_mae": 0.03762878588466602,
    "overall_r2": 0.942788679672651,
    "range_analysis": {
      "Q1 (Low)": {
        "count": "512",
        "percentage": 25.024437927663733,
        "rmse": 0.032054698206333936,
        "mae": 0.020678016905355385,
        "r2": 0.23389628929470907
      },
      "Q2 (Med-Low)": {
        "count": "511",
        "percentage": 24.975562072336267,
        "rmse": 0.02514781490749701,
        "mae": 0.0162740197788473,
        "r2": 0.08471049766369709
      },
      "Q3 (Med-High)": {
        "count": "511",
        "percentage": 24.975562072336267,
        "rmse": 0.04782909660772705,
        "mae": 0.03435818123857107,
        "r2": 0.7090873988980777
      },
      "Q4 (High)": {
        "count": "512",
        "percentage": 25.024437927663733,
        "rmse": 0.14328993578280075,
        "mae": 0.0791568291886405,
        "r2": 0.6901579240581321
      }
    },
    "residual_std": 0.07785284360195935,
    "is_joint_model": 1.0
  },
  "multi_output_em": {
    "overall_rmse": 0.047338094341860204,
    "overall_mae": 0.020978878660732333,
    "overall_r2": 0.9468827306322294,
    "range_analysis": {
      "Q1 (Low)": {
        "count": "512",
        "percentage": 25.024437927663733,
        "rmse": 0.08749058176411693,
        "mae": 0.044115888162083845,
        "r2": 0.8309236645028103
      },
      "Q2 (Med-Low)": {
        "count": "511",
        "percentage": 24.975562072336267,
        "rmse": 0.02023051344451864,
        "mae": 0.013317196097441088,
        "r2": 0.4745585835410505
      },
      "Q3 (Med-High)": {
        "count": "511",
        "percentage": 24.975562072336267,
        "rmse": 0.017894864009482894,
        "mae": 0.01107101328885371,
        "r2": 0.6035893029682846
      },
      "Q4 (High)": {
        "count": "512",
        "percentage": 25.024437927663733,
        "rmse": 0.02391966307630173,
        "mae": 0.01537710157123981,
        "r2": 0.8462130758315568
      }
    },
    "residual_std": 0.04727035948433666,
    "is_joint_model": 1.0
  }
}