{
  "quote": {
    "overall_rmse": 0.0632138574810038,
    "overall_mae": 0.03983902931213379,
    "overall_r2": 0.9659878015518188,
    "range_analysis": {
      "Q1 (Lowest 25%)": {
        "count": "512",
        "percentage": 25.024437927663733,
        "rmse": 0.07018301883219356,
        "mae": 0.040449585765600204,
        "r2": 0.8356623649597168
      },
      "Q2 (25-50%)": {
        "count": "511",
        "percentage": 24.975562072336267,
        "rmse": 0.06710210324459374,
        "mae": 0.044751133769750595,
        "r2": 0.5320791006088257
      },
      "Q3 (50-75%)": {
        "count": "511",
        "percentage": 24.975562072336267,
        "rmse": 0.04743316744537654,
        "mae": 0.033812668174505234,
        "r2": 0.04686099290847778
      },
      "Q4 (Highest 25%)": {
        "count": "512",
        "percentage": 25.024437927663733,
        "rmse": 0.06559948808484661,
        "mae": 0.040340542793273926,
        "r2": 0.2684563994407654
      }
    },
    "residual_std": 0.0630422830581665,
    "is_joint_model": 1.0
  },
  "scr": {
    "overall_rmse": 0.8891346681628781,
    "overall_mae": 0.7263560086039766,
    "overall_r2": -6.385001509265853,
    "range_analysis": {
      "Q1 (Low)": {
        "count": "512",
        "percentage": 25.024437927663733,
        "rmse": 1.007566302692008,
        "mae": 0.8070095649288318,
        "r2": -755.9225607649166
      },
      "Q2 (Med-Low)": {
        "count": "511",
        "percentage": 24.975562072336267,
        "rmse": 0.9739485910440943,
        "mae": 0.7765996970968136,
        "r2": -1371.8719705739238
      },
      "Q3 (Med-High)": {
        "count": "511",
        "percentage": 24.975562072336267,
        "rmse": 0.8517037681352452,
        "mae": 0.7064642163346488,
        "r2": -91.24765071611685
      },
      "Q4 (High)": {
        "count": "512",
        "percentage": 25.024437927663733,
        "rmse": 0.6879376189025073,
        "mae": 0.6154098371029237,
        "r2": -6.141790979486936
      }
    },
    "residual_std": 0.6988138620205676,
    "is_joint_model": 0.0
  },
  "em": {
    "overall_rmse": 0.8462295842404538,
    "overall_mae": 0.6555203003396183,
    "overall_r2": -15.974250523512165,
    "range_analysis": {
      "Q1 (Low)": {
        "count": "512",
        "percentage": 25.024437927663733,
        "rmse": 0.7351791908059477,
        "mae": 0.6137457643519357,
        "r2": -10.938413842678008
      },
      "Q2 (Med-Low)": {
        "count": "511",
        "percentage": 24.975562072336267,
        "rmse": 0.7986221871210333,
        "mae": 0.5989254840342985,
        "r2": -817.829035914242
      },
      "Q3 (Med-High)": {
        "count": "511",
        "percentage": 24.975562072336267,
        "rmse": 0.8534852942970331,
        "mae": 0.639251282287849,
        "r2": -900.7385690601209
      },
      "Q4 (High)": {
        "count": "512",
        "percentage": 25.024437927663733,
        "rmse": 0.978553111816043,
        "mae": 0.7700163585079115,
        "r2": -256.38195744859604
      }
    },
    "residual_std": 0.6451338667714983,
    "is_joint_model": 0.0
  },
  "multi_output_scr": {
    "overall_rmse": 0.07577911750664382,
    "overall_mae": 0.036050686073562016,
    "overall_r2": 0.9463568111436228,
    "range_analysis": {
      "Q1 (Low)": {
        "count": "512",
        "percentage": 25.024437927663733,
        "rmse": 0.029251574106444748,
        "mae": 0.018854850994879015,
        "r2": 0.36202646342508293
      },
      "Q2 (Med-Low)": {
        "count": "511",
        "percentage": 24.975562072336267,
        "rmse": 0.025087455022852208,
        "mae": 0.0159473578072921,
        "r2": 0.08909898765571478
      },
      "Q3 (Med-High)": {
        "count": "511",
        "percentage": 24.975562072336267,
        "rmse": 0.050867942252335964,
        "mae": 0.0347895528422458,
        "r2": 0.6709464984842382
      },
      "Q4 (High)": {
        "count": "512",
        "percentage": 25.024437927663733,
        "rmse": 0.1374087609467643,
        "mae": 0.07456925518596863,
        "r2": 0.7150702056508258
      }
    },
    "residual_std": 0.07554939313273883,
    "is_joint_model": 1.0
  },
  "multi_output_em": {
    "overall_rmse": 0.049500664666541815,
    "overall_mae": 0.021511894088012757,
    "overall_r2": 0.9419187091335586,
    "range_analysis": {
      "Q1 (Low)": {
        "count": "512",
        "percentage": 25.024437927663733,
        "rmse": 0.09261154264924051,
        "mae": 0.04697540296255204,
        "r2": 0.8105518125201503
      },
      "Q2 (Med-Low)": {
        "count": "511",
        "percentage": 24.975562072336267,
        "rmse": 0.020994081315058196,
        "mae": 0.01476656596016766,
        "r2": 0.4341461938175468
      },
      "Q3 (Med-High)": {
        "count": "511",
        "percentage": 24.975562072336267,
        "rmse": 0.018379431158498646,
        "mae": 0.012082200051285371,
        "r2": 0.581830173754822
      },
      "Q4 (High)": {
        "count": "512",
        "percentage": 25.024437927663733,
        "rmse": 0.020922703144818908,
        "mae": 0.012191815537880783,
        "r2": 0.8823356550810338
      }
    },
    "residual_std": 0.04877049986199334,
    "is_joint_model": 1.0
  }
}